{"cameraMode":{"drawMode":0,"name":"Shaded","section":"Shading Mode"},"sceneLighting":true,"audioPlay":false,"sceneViewState":{"showFog":true,"showMaterialUpdate":false,"showSkybox":true,"showFlares":true,"showImageEffects":true,"showParticleSystems":true},"in2DMode":false,"pivot":{"x":0.3213620185852051,"y":0.6791220903396606,"z":1.100884199142456},"rotation":{"x":-0.050857074558734897,"y":0.12906479835510255,"z":-0.006628223229199648,"w":-0.9903091788291931},"size":3.254765272140503,"orthographic":false}